,BLEU,ROUGE-1,ROUGE-2,ROUGE-L,Response Length
microsoft/DialoGPT-medium,0.0,0.1895743145743146,0.08976597090449082,0.16634199134199132,15.8
Pi3141/DialoGPT-medium-elon-2,0.0,0.14807882749059217,0.055378142194411485,0.12855020796197267,24.8
microsoft/DialoGPT-large,0.0,0.20824984877486927,0.08188718302570296,0.1415392646729808,20.6
microsoft/DialoGPT-small,0.0,0.18771132376395533,0.07734767025089605,0.15453748006379583,15.8
satvikag/chatbot,0.0,0.18584388584388584,0.06942832233154814,0.1532098532098532,17.6
